<?xml version="1.0" encoding="utf-8" standalone="yes"?>
<rss version="2.0" xmlns:atom="http://www.w3.org/2005/Atom">
  <channel>
    <title>Tags on NOLA Notary Public</title>
    <link>https://nolanotarypublic.com/tags/</link>
    <description>Recent content in Tags on NOLA Notary Public</description>
    <generator>Hugo -- gohugo.io</generator>
    <language>en-US</language>
    <lastBuildDate>Wed, 28 Aug 2019 00:00:00 +0000</lastBuildDate>
    
	<atom:link href="https://nolanotarypublic.com/tags/index.xml" rel="self" type="application/rss+xml" />
    
    
    <item>
      <title>new orleans</title>
      <link>https://nolanotarypublic.com/tags/new-orleans/</link>
      <pubDate>Wed, 28 Aug 2019 00:00:00 +0000</pubDate>
      
      <guid>https://nolanotarypublic.com/tags/new-orleans/</guid>
      <description></description>
    </item>
    
    <item>
      <title>notary</title>
      <link>https://nolanotarypublic.com/tags/notary/</link>
      <pubDate>Wed, 28 Aug 2019 00:00:00 +0000</pubDate>
      
      <guid>https://nolanotarypublic.com/tags/notary/</guid>
      <description></description>
    </item>
    
    <item>
      <title>public</title>
      <link>https://nolanotarypublic.com/tags/public/</link>
      <pubDate>Wed, 28 Aug 2019 00:00:00 +0000</pubDate>
      
      <guid>https://nolanotarypublic.com/tags/public/</guid>
      <description></description>
    </item>
    
  </channel>
</rss>